"","MDS1","MDS2"
"14LRNDecember201616S",-0.0203737465326014,-0.166139466072548
"14LRNJune201716S",0.382255338432459,-0.0722134959353919
"14LRNMarch201716S",0.215408941300228,-0.121367983532547
"14LRNMarch201816S",0.143423565930467,-0.110143009962379
"14RRXAugust201616S",0.019427459844942,-0.101132301211103
"14RRXDecember201616S",0.00065651187705507,-0.141391395779016
"14RRXDecember201716S",0.149545188877626,-0.122519447447994
"14RRXJune201716S",0.260580463479031,0.0529976592920324
"14RRXMarch201716S",0.217354393751247,-0.128307811243702
"14RRXMarch201816S",0.0930476015211083,-0.0227451192996541
"14RRXSeptember201716S",0.311619518379098,-0.0110113145329945
"18LXNAugust201616S",0.110975501707823,-0.117169468554546
"18LXNDecember201616S",0.0393831495467114,-0.108629883607212
"18LXNDecember201716S",0.251448514587543,-0.0172955824014398
"18LXNJune201716S",0.163500218449614,-0.0255399337695201
"18LXNMarch201716S",0.283780360479538,0.327958049878672
"18LXNMarch201816S",0.189963845775066,0.0724210442700814
"18LXNSeptember201716S",0.276245799012083,-0.111710331335909
"18RXXAugust201616S",0.169738925482665,-0.0740988325170747
"18RXXDecember201716S",0.18196247468024,0.0291223286857298
"18RXXJune201716S",0.254833663211025,0.100401334061171
"18RXXMarch201716S",-0.0120135360207349,0.169407957573601
"18RXXMarch201816S",0.126895274205353,0.097312482032942
"18RXXSeptember201716S",0.163816313334319,-0.0161186137274892
"2012Q204LXX",-0.0261157098121095,0.170606164186954
"2012Q204RXN",-0.00708979554130322,0.0875025776432103
"2012Q205LRN",-0.0252245133315395,0.0578614983006214
"2012Q207RRN",0.0400849991518345,0.0901085512474675
"2012Q208RXN",-0.0683000887119315,0.10820491256848
"2012Q214LRN",0.0107723531491242,0.0561681293564845
"2012Q214RRX",-0.0113627556997259,0.0466838678996999
"2012Q218LXN",0.0521952994457668,0.119165555569281
"2012Q218RXX",-0.107338203310956,0.107885471875062
"2012Q222LXX",-0.211761713806038,0.164067020575211
"2012Q222RXN",-0.0643475202801644,0.0640924755930474
"2014Q404RXN",-0.0959282038725012,-0.000652008156902581
"2014Q405RRX",-0.170456967602158,0.0461856588448074
"2014Q408RXN",-0.115224845092543,0.0156886871853282
"2014Q414RRX",0.0715897241643217,0.0404641076131925
"2014Q418RXX",-0.23832991210596,0.0192272072099765
"2014Q420LRX",-0.105169730237447,-0.027275037366999
"2014Q422RXN",-0.0762725436156705,-0.0685897602186617
"2015Q104LXX",-0.165376651565376,0.0823790445285412
"2015Q108LXX",-0.11787728256362,0.0884407729156358
"2015Q118RXX",0.0434023104829325,-0.120446066481215
"2015Q120LRX",-0.183885888371163,-0.241665397261184
"2015Q122LXX",-0.158172851221362,0.0300328392523272
"2015Q122RXN",-0.109611547836036,0.0314988884685079
"2015Q204LXX",-0.0545591736804172,-0.116623060030061
"2015Q204RXN",-0.0558113072236791,-0.173133840350973
"2015Q205RRX",0.033400226328115,-0.026785109553503
"2015Q208LXX",0.00894448932935142,0.0301078835807615
"2015Q208RXN",0.083034023005954,-0.0195180140878773
"2015Q222LXX",-0.0592810785070232,-0.128576022810069
"2015Q222RXN",-0.00681882355532713,-0.186546200723321
"2015Q404LXX",-0.0168666998443198,-0.130726501767629
"2015Q405RRX",-0.106359430416463,-0.0576561627461332
"2015Q407LRX",0.0954332232148078,-0.125957615127415
"2015Q408LXX",0.0121267987611289,-0.00606556728388066
"2015Q408RXN",0.0086138258691337,-0.03023783776387
"2015Q422RXN",-0.0734983690288664,-0.0132458639310339
"2018Q204LXX",0.0098270330562979,0.0756235068496627
"2018Q204RXN",0.0109398293818869,0.0623114794561025
"2018Q205LRN",-0.0561413200380364,0.0567171923102414
"2018Q207RRN",0.0866016283749237,-0.0467076498805091
"2018Q208LXX",-0.0258714407024635,0.0836278298315295
"2018Q208RXN",-0.0940039517565905,0.14770101863474
"2018Q214LRN",0.0386440510974139,-0.0133199353877341
"2018Q214RRX",-0.0156071662163355,-0.0779387445949471
"2018Q218LXN",0.0765560270401937,0.0204931217522839
"2018Q218RXX",0.0851482521809848,0.0785157564379291
"2018Q220LRX",0.0434509586662896,0.0846947873896647
"2018Q222LXX",-0.0234273678565823,-0.279531805287254
"2018Q304LXX",0.0633643889951749,-0.0573406034011366
"2018Q304RXN",0.140038269370606,0.0975887226847162
"2018Q305LRN",0.0673705348165915,-0.0371331400043005
"2018Q305RRX",0.0429318131789807,0.0338475807114196
"2018Q307LRX",0.0204522215576125,-0.00694201318064505
"2018Q307RRN",0.0741500448303442,-0.0214950654145346
"2018Q308LXX",-0.0965732063041525,0.0892309089008847
"2018Q308RXN",0.00706871298352853,0.0381111469894162
"2018Q314LRN",0.0541812107801378,-0.030575700178661
"2018Q314RRX",0.047174808132067,0.0273291960640511
"2018Q318LXN",0.0258678026544143,0.0530775299886196
"2018Q318RXX",-0.0426024101433164,0.045927898701696
"2018Q320RRN",0.0405108274449501,-0.0861655117005846
"2018Q322LXX",0.06885345063718,0.106571713476949
"2018Q322RXN",-0.0575444477183162,0.00289583319919036
"2018Q405LRN",0.0279126179261399,-0.00213843966183686
"2018Q405RRX",0.0323934520582781,0.0208868371682839
"2018Q407LRX",0.0193280172883147,0.00542138354798254
"2018Q407RRN",0.0273879807897567,-0.0157802838986973
"2018Q408RXN",0.0765458501243168,0.000615026506302466
"2018Q408RXN.2",-0.0293813936956276,0.0540375176591165
"2018Q414LRN",-0.0022438074108118,-0.0506069053069718
"2018Q418RXX",-0.0840007388586091,0.071121974197528
"2018Q420RRN",0.017487452833954,-0.0693355189858228
"2019Q104LXX",-0.144979789439267,0.137153965633679
"2019Q105LRN",-0.0684610598233613,0.036443691849272
"2019Q107LRX",-0.0493253596604439,0.0304163041492197
"2019Q107RRN",0.0338276619166135,0.125210737129508
"2019Q108RXN",-0.125333720391688,0.12441087468376
"2019Q114LRN",-0.00969434968558561,0.0256696285171817
"2019Q114RRX",-0.0416458368698632,0.0349260801862323
"2019Q118LXN",0.0843942112617885,0.0493461253573118
"2019Q118RXX",-0.0761896788471932,0.133556696991746
"2019Q122RXN",-0.149901503611973,0.0727241949788226
"2019Q204RXN",-0.00572739956888102,0.0579041758074325
"2019Q205LRN",0.0620204961114202,0.111904195214665
"2019Q207LRX",-0.0837597742648976,0.0444039796305763
"2019Q207RRN",-0.0154218668687038,0.0985703253387838
"2019Q208LXX",-0.0408448169804165,0.0889928367206861
"2019Q208RXN",-0.100944261369948,-0.0551324655498489
"2019Q214LRN",0.0207362422075732,0.051377911352891
"2019Q214RRX",-0.00779322004493493,0.0469514605077519
"2019Q218LXN",-0.051732729130793,0.078541098766766
"2019Q218RXX",0.0220936700879621,0.059434382157732
"2019Q220RRN",0.0236422459629865,0.0206876281810512
"2019Q222RXN",-0.118333899160228,0.101113402890454
"2019Q304LXX",-0.0428229583745365,0.137947273595349
"2019Q305LRN",0.0819056117008746,0.11260582462035
"2019Q307RRN",0.0119016707683866,0.0566791814265073
"2019Q308LXX",-0.0453959050359703,0.0998926582456222
"2019Q308RXN",0.0417429058002564,0.0499368740137632
"2019Q314LRN",0.0176253171001579,0.0427738675055186
"2019Q314RRX",-0.00956402027654319,0.0420502327191996
"2019Q318LXN",-0.0762220634423803,-0.172548674800366
"2019Q318RXX",-0.085010998965098,0.108943908432342
"2019Q322RXN",-0.112917663393003,0.0944002351600298
"2019Q404LXX",0.0677824859175243,0.1104893231662
"2019Q404RXN",0.00493150419712994,0.0989632079508865
"2019Q405LRN",-0.0236941760895599,-0.224968710964614
"2019Q405RRX",-0.148870635327011,-0.284133144188794
"2019Q407LRX",-0.104922967501803,-0.386826163221691
"2019Q407RRN",0.0983999312461734,0.13899258859407
"2019Q408LXX",-0.0612247029616852,0.133701695910559
"2019Q408RXN",0.166566075393401,0.10334483561388
"2019Q414LRN",-0.148964376447946,-0.0906588176028324
"2019Q418LXN",0.164188712167909,0.151283447296827
"2019Q418RXX",0.0459723500572993,0.0759378253473768
"2019Q420LRX",-0.0186298706782521,0.178118815106163
"2019Q420RRN",-0.0645720747253371,0.144687182902194
"2019Q422LXX",-0.057058434975427,0.0317010190890352
"2019Q422RXN",0.0608830080831196,0.189322253060957
"2020100704LXXR1L",-0.0363547749520677,0.0873100645218818
"2020100705RRXR1L",-0.082572360865725,0.0547878257064135
"2020100707LRXR1L",-0.0327524884865869,0.0650660647599749
"2020100708LXXR1L",-0.43188672067698,-0.164877967859716
"2020100714RRXR1L",-0.124309978193239,0.0661526032816992
"2020100718RXXR1L",-0.0600773150459825,0.109818610529698
"2020100720LRXR1L",-0.09467833933872,0.0507554626520311
"2020100722LXXR1L",-0.0254880314514338,0.104553909875654
"2020111804LXXR1L",-0.245206597346544,0.0473541082612922
"2020111805RRXR1L",-0.244591400146265,0.0141526934524589
"2020111807LRXR1L",-0.224117309709954,0.00239650755395829
"2020111808LXXR1L",-0.287597084003316,0.0846702389122651
"2020111818RXXR1L",-0.248683442397565,0.0959371182559198
"2020111820LRXR1L",-0.263769426698748,-0.0547095881648561
"2020Q104LXX",0.0792591630545543,0.151184563900384
"2020Q104RXN",0.0422714217655024,0.107539871808538
"2020Q105LRN",-0.114836431778543,-0.00498828140315296
"2020Q107LRX",0.0565921017931325,0.100540871339241
"2020Q107RRN",0.0177533170371054,0.0629888258187497
"2020Q108LXX",0.028182145206629,0.177516276442654
"2020Q108RXN",0.0117671573066526,0.102544015430839
"2020Q114LRN",-0.174096660183238,0.10732154332994
"2020Q114RRX",0.0823669267068592,-0.248159496380141
"2020Q118LXN",0.0673080384775698,0.142411997172206
"2020Q118RXX",-0.0692656081374216,0.122523417741154
"2020Q120LRX",-0.00877076357477016,0.136288260378782
"2020Q120RRN",0.11950484524208,0.153669793598314
"2020Q122LXX",-0.16481097709822,0.148610721760653
"2020Q122RXN",0.0279299371860156,0.0698342786554921
"2020Q204LXX",-0.0186947556629615,0.107239036540219
"2020Q204RXN",0.023484507167771,0.0856849147092769
"2020Q205LRN",0.0328161152061615,0.10028288626232
"2020Q205RRX",0.00931982361006003,-0.0359479136071603
"2020Q207LRX",-0.0052846283089358,0.0768611522322753
"2020Q208LXX",-0.12524833921356,-0.149448010669849
"2020Q214RRX",-0.00740027887907424,0.107737372695954
"2020Q220LRX",0.00836848473786713,0.087885496398172
"2020Q220RRN",0.0660531156495953,0.124284330204563
"2020Q222LXX",-0.0678288965756257,-0.0142591346574904
"2020Q222RXN",-0.0539840675208511,-0.00371772591617199
"2020Q307RRN",-0.0595829573251871,0.065685731479543
"2020Q308RXN",-0.0519802809529137,0.0769033730651275
"2020Q314LRN",-0.0269102896696334,0.038242895012271
"2020Q318LXN",0.106585591469163,0.194185388299097
"2020Q320RRN",-0.176298511667669,-0.393380397486305
"2020Q322RXN",-0.00364760746242523,0.0557104304478947
"2020Q404RXN",0.0496813168343798,0.0710975176173948
"2020Q407RRN",-0.278689058224253,-0.0706322397952122
"2020Q408RXN",-0.19583306052952,0.09624025712469
"2020Q418LXN",-0.294351940282128,0.0313692023914673
"2020Q420RRN",-0.162830350355256,-0.0236115872232203
"2020Q422RXN",0.146703810773722,-0.333683588213611
"2021012704LXXR1L",-0.0239965977256083,0.228661863737121
"2021012705RRXR1L",-0.178509729862589,-0.0448105168732281
"2021012707LRXR1L",-0.243804647646249,-0.00367310097199375
"2021012708LXXR1L",-0.234692818271366,0.0675734716882242
"2021012714RRXR1L",-0.202778100159181,-0.0101977311508103
"2021012718RXXR1L",-0.194612099226823,0.011214729488446
"2021012720LRXR1L",-0.12361088412074,-0.0144218044765961
"2021012722LXXR1L",-0.172317142969174,-0.0754356862874397
"2021022404LXXR1L",-0.185080792835149,0.014887745358415
"2021022405RRXR1L",-0.150051352954869,-0.0366195597623037
"2021022407LRXR1L",-0.314638510643037,-0.0389190205592569
"2021022408LXXR1L",-0.451310792604947,-0.227046285799861
"2021022414RRXR1L",-0.228132388511886,-0.0498016293746851
"2021022422LXXR1L",-0.276932044063604,-0.105906743345602
"2021Q104RXN",0.0283234784455323,-0.0437719249309071
"2021Q105LRN",0.0102779913656687,0.0526604857296818
"2021Q107RRN",-0.229950080271909,-0.101316428055216
"2021Q108RXN",-0.143012415424118,0.0069627260278738
"2021Q114LRN",-0.0513147296218646,0.0971255852103323
"2021Q118LXN",0.120830044424984,0.050224788986055
"2021Q120RRN",0.0600532676460801,0.104642614271385
"2021Q122RXN",0.0473783194447408,0.0602387948865945
"2021Q204LXX",0.0608782876344664,0.0824440591413016
"2021Q204RXN",-0.0232187619984422,0.0403955442096846
"2021Q205LRN",-0.174769804351358,-0.198744629732736
"2021Q205RRX",-0.037107958674932,-0.0958060183685548
"2021Q207LRX",-0.0356940525540749,0.00103422834947361
"2021Q208LXX",0.0732038717222028,0.133128373300687
"2021Q208RXN",-0.17965103250735,-0.154199566200377
"2021Q214RRX",-0.0547118220688409,0.151594527441686
"2021Q218RXX",-0.242703276085552,-0.185222838055374
"2021Q220RRN",-0.130081402422844,-0.215306972038357
"2021Q222LXX",-0.158164076577238,-0.181502049793753
"2021Q222RXN",0.0199267694367686,-0.044354397975792
"2021Q304LXX",0.0397196136967153,0.131039896473767
"2021Q304RXN",0.0307391842372081,0.109930582621727
"2021Q305LRN",0.0379559527268225,0.0584051302964323
"2021Q307RRN",0.0549091861601362,0.0962330075750635
"2021Q308RXN",0.0648831102815046,0.10029974435562
"2021Q314RRX",-0.138814208607614,-0.193016915453657
"2021Q318RXX",0.0613996265706161,0.0045391621441118
"2021Q320LRX",0.0132746014204704,0.0213995493500572
"2021Q320RRN",-0.110234451490816,-0.174138712272181
"2021Q322RXN",0.0749268510344025,-0.0910064354487126
"2021Q404LXX",-0.084667867622285,-0.0702316091967082
"2021Q404RXN",0.141239059833164,-0.199263563367375
"2021Q405LRN",-0.130462908900972,-0.123938700340151
"2021Q405RRX",0.050662589974358,0.0731784970011748
"2021Q407LRX",0.180822849177167,-0.186686589962866
"2021Q407RRN",0.108427184355722,0.137407686161226
"2021Q408LXX",-0.143576178476808,-0.00897122575328804
"2021Q414LRN",-0.126998004497582,-0.14161369507508
"2021Q414RRX",-0.101817461321263,-0.0938445242724123
"2021Q418LXN",-0.0181520233750927,-0.0940135365171596
"2021Q418RXX",-0.0760139575460262,-0.0225382312430793
"2021Q420LRX",-0.0394052053582504,-0.135544031700313
"2021Q420RRN",0.0289891223926111,-0.00403816503952077
"2021Q422LXX",0.00988688282618993,-0.0597768645400139
"2021Q422RXN",-0.0148785314831827,-0.0693083535130214
"2022Q104RXN",0.0416057936926505,-0.0118701695460505
"2022Q105LRN",0.0619819622541382,-0.0676432760555781
"2022Q105RRX",0.048496191398753,-0.0278203577347441
"2022Q107LRX",0.157527277905111,-0.0673250447830915
"2022Q108LXX",-0.00196661611698362,0.0245756235019275
"2022Q108RXN",0.151175168675359,0.054172955822112
"2022Q114RRX",-0.040211774844888,0.0763170829249405
"2022Q118LXN",0.0206684308929724,-0.0300120272976843
"2022Q118RXX",-0.00100034086368824,0.0116899574861851
"2022Q120RRN",-0.0540610121507774,-0.285716843210194
"2022Q122LXX",-0.0885142577148725,-0.00906402229668018
"2022Q204LXX",0.000943939495115613,0.00333914575174409
"2022Q207LRX",-0.0176449223495448,-0.0343170380593776
"2022Q207RRN",-0.0403330698433123,-0.0494406632320361
"2022Q208RXN",0.211324877428768,0.144437925653044
"2022Q218LXN",0.0643755533349819,0.00123563603482023
"2022Q218RXX",0.101407456731103,0.263728520124343
"2022Q304LXX",0.03786263978938,-0.18011174503322
"2022Q304RXN",-0.0066002184675415,-0.0673924287257708
"2022Q305LRN",-0.19917781122916,0.107472968849862
"2022Q305RRX",0.0934078026646534,0.00496828993337322
"2022Q307RRN",-0.0191551535651186,-0.0549097891475032
"2022Q314LRN",-0.0791783854875932,-0.127470589939706
"2022Q314RRX",-0.0521895453083939,-0.0665794632358279
"2022Q318LXN",0.0772691358877652,-0.131945153182872
"2022Q318RXX",0.0475686986672336,0.0358642390521325
"2022Q320LRX",-0.0267477207405171,-0.14949737182421
"2022Q320RRN",0.0321827588811852,-0.179208799276859
"2022Q322LXX",-0.0062932068345284,-0.0507147671501735
"2022Q322RXN",-0.065113521936982,0.00688071241832428
"2022Q404RXN",-0.0408786509984218,-0.081046557834572
"2022Q405LRN",-0.00216584126968772,-0.0154792388772027
"2022Q405RRX",-0.0409287238733113,-0.0794083240991608
"2022Q407LRX",0.0823203747327969,-0.0951844390724285
"2022Q407RRN",0.11988596186215,0.0184113373985837
"2022Q408LXX",0.0314434192379642,0.222325915931897
"2022Q408RXN",-0.0146156861009855,-0.0234784946953123
"2022Q418LXN",0.0139772321687576,-0.328451251463047
"2022Q420LRX",0.0256904203698392,-0.0562332049633168
"2022Q420RRN",-0.030093582075541,-0.0449486290827028
"2022Q422LXX",0.070641702277889,-0.0515956043121396
"20LRXAugust201616S",-0.0353504944960748,-0.395395599451785
"20LRXDecember201616S",-0.00614168393693262,-0.157633475536202
"20LRXDecember201716S",0.174359380099259,-0.134938286325705
"20LRXJune201716S",0.257050917938527,-0.19272044800947
"20LRXMarch201716S",0.195381587050746,-0.0801319017797586
"20LRXMarch201816S",0.161552519488983,-0.132976842151253
"20LRXSeptember201716S",0.111416519873748,-0.156585727700917
"20RRNDecember201616S",0.0323611643833085,-0.140719818138108
"20RRNDecember201716S",0.317217791025941,-0.206677162576211
"20RRNMarch201716S",0.0968993716501038,-0.106446583034798
"20RRNMarch201816S",0.111793264063829,-0.0522178166299653
"22LXXAugust201616S",0.00408661596226838,-0.255343710400817
"22LXXDecember201616S",-0.00120797163126708,-0.0826321312602387
"22LXXDecember201716S",0.205836489498537,0.211728263525518
"22LXXMarch201716S",-0.0461715528208236,0.103881446964906
"22LXXMarch201816S",0.132376833298741,0.178883180671008
"22RXNAugust201616S",0.143456498246978,-0.157776180560852
"22RXNDecember201616S",0.142427000530685,-0.00245759801468128
"22RXNDecember201716S",0.186681012559662,0.132270308582189
"22RXNJune201716S",0.0344845696202174,0.164096081783196
"22RXNMarch201716S",0.138061204065743,0.244281567129733
"22RXNMarch201816S",0.0344038135066451,0.0814917342071409
"22RXNSeptember201716S",0.20742180221851,0.0411464471264695
"4LXXDecember201616S",0.109892476783503,-0.0170288916578041
"4LXXDecember201716S",0.00380460161251383,0.232548140572822
"4LXXMarch201716S",0.00773415139545014,0.259220807492721
"4LXXMarch201816S",0.167156237219142,0.115471063501681
"4RXNAugust201616S",0.0278810743074449,-0.157460046951538
"4RXNDecember201616S",0.0506634844921756,-0.157673290958378
"4RXNDecember201716S",0.207718029310868,-0.059866135593307
"4RXNJune201716S",0.245653750589826,0.110847819891913
"4RXNMarch201716S",0.207977476967548,-0.0339580526954894
"4RXNMarch201816S",0.264696021802687,-0.020935261805652
"4RXNSeptember201716S",0.238804929619938,-0.0643016241012442
"5LRNDecember201616S",0.0190300188213032,-0.167797786592968
"5LRNDecember201716S",0.168635123274495,-0.170470389085079
"5LRNMarch201716S",0.21365298058762,-0.0207757121710865
"5LRNMarch201816S",0.267926085513074,0.00787207420832365
"5LRNSeptember201716S",0.192304989423655,-0.115264716563879
"5RRXAugust201616S",0.0171310247737682,-0.29299536990367
"5RRXDecember201616S",0.05586142093936,-0.132296833444194
"5RRXJune201716S",0.254735868580145,-0.0773576372060804
"5RRXMarch201716S",0.287502714145102,-0.106371435425944
"5RRXMarch201816S",0.138454932223596,0.0288897124910504
"5RRXSeptember201716S",0.339672293279698,-0.0552335705786328
"7LRXDecember201616S",0.0175991764334418,-0.135094593530442
"7LRXDecember201716S",0.25020733862474,-0.143027617197994
"7LRXMarch201716S",0.119465249165979,-0.0714655542909949
"7LRXMarch201816S",0.118598298860331,-0.0581591131729437
"7LRXSeptember201716S",0.356761727048721,-0.337524257541083
"7RRNDecember201616S",0.0761008016977756,-0.25457354719845
"7RRNDecember201716S",0.294283872135572,-0.139039272390435
"7RRNJune201716S",0.476988518341716,0.144787533662476
"7RRNMarch201716S",0.192201357191896,-0.245782828505591
"7RRNMarch201816S",0.149244794948113,-0.0612036204640027
"7RRNSeptember201716S",0.252667103202985,-0.235073493406363
"8LXXAugust201616S",0.0588192050869406,0.00890685038659963
"8LXXDecember201616S",0.0920133607623757,0.0133202426581182
"8LXXDecember201716S",0.172193889354954,0.189551938090278
"8LXXMarch201716S",-0.0515245223799402,0.152934204755177
"8LXXMarch201816S",-0.0871379606415519,0.187439730406495
"8LXXSeptember201716S",-0.0765813000865062,0.343557372735873
"8RXNAugust201616S",0.0743437572089067,-0.0324152178078922
"8RXNDecember201616S",-0.0485287093586802,-0.0336326203390804
"8RXNDecember201716S",0.212410503099646,0.0674599157952278
"8RXNMarch201716S",0.150192526884824,0.234804203047566
"8RXNMarch201816S",-0.00213060919586449,0.115062489400908
"8RXNSeptember201716S",0.28114083695483,0.0600124882523187
"P001-CTACAGGGTCTC",0.0296434595031863,-0.00653656289613915
"P002-GTTCATTAAACT",-0.117915174644227,-0.214823632085067
"P003-TTCGATGCCGCA",-0.0193358487223482,-0.178048247937213
"P004-TCGTTATTCAGT",0.0406557573976424,0.0143447329494628
"P006-ATATGTTCTCAA",-0.091433073111886,-0.0589954109661839
"P007-TCAGACCAACTG",-0.0276356133662708,0.13014318506607
"P008-TCATTAGCGTGG",-0.0434798999969382,0.0378951732148337
"P009-CTTGGAGGCTTA",-0.109421903233559,-0.0503181052124632
"P010-GTGCCGGCCGAC",-0.113252820660134,-0.0748002599725956
"P011-AGAGGGTGATCG",0.00524513431835381,0.00217925064784539
"P013-TCATGGCCTCCG",-0.0467006392968868,0.00941191284197662
"P014-ATGTGCTGCTCG",-0.0570416758834517,0.0193312413989142
"P015-CCACGAGCAGGC",0.0376678220006691,0.100476431359206
"P016-CGCCGTACTTGC",-0.158464804002429,0.138692480923216
"P017-TATCATATTACG",0.0435118374793951,0.110401434264658
"P018-CCTTGACCGATG",-0.00298437347899053,-0.000643494256870825
"P019-AGCTCTAGAAAC",-0.199572635808667,0.0594623601916039
"P020-AATGTTCAACTT",-0.001213495526043,-0.02817089024281
"P021-CAATCATAGGTG",-0.0407476520059603,0.0850915925476537
"P022-CCGATAAAGGTT",-0.176924024675603,0.0440823414930268
"P023-GCGTGCCCGGCC",-0.0288173373482261,0.0754737392607503
"P024-TAAACCTGGACA",-0.0179275665012418,0.0131765732347472
"P025-CTATATTATCCG",0.00837150369435314,0.0547440654412012
"P026-CAAACTGCGTTG",-0.0370829745162055,-0.0647463439504968
"P027-CTGACACGAATA",-0.103143324333465,0.0253695300663267
"P028-AGCAGTGCGGTG",-0.146077900545928,0.096131752349698
"P029-GTTGGACGAAGG",-0.00736804653315351,-0.10695797033355
"P030-CAGGAACCAGGA",-0.0584066255638875,-0.0294789431739399
"P031-CAAAGGAGCCCG",-0.109192332948944,-0.251561795164238
"P032-CCAACCCAGATC",-0.0165391407614129,0.0569018832190435
"P033-ACCGAACAATCC",-0.0155001544145195,-0.0525983960752094
"P034-TCGAGAGTTTGC",-0.130765123221521,0.07572703703237
"P035-GCTGCCCACCTA",0.102526427940754,0.0189745698451222
"P036-GCATATGCACTG",-0.245836332093698,0.153947296082542
"P037-GTCACTCCGAAC",-0.120699325772388,0.0110277591046112
"P038-GCATAAACGACT",-0.0183254291888987,0.0592239697032442
"P039-TGCGGCGTCAGG",-0.0302828769366196,0.0330580823466794
"P040-TTAAGTTAAGTT",-0.0191913301023515,0.0696777241321053
"P041-ACGGTACCCTAC",-0.0141382435040931,-0.042054732371738
"P042-CGACACGGAGAA",-0.0501369942811381,0.0157938902302127
"P043-GCGTTTGCTAGC",0.0295193067207336,-0.106625109134898
"P044-CCGGCGACAGAA",0.044170768060197,0.030023249376061
"P045-CGTTCTGGTGGT",-0.014612519548508,0.0873865955073427
"P046-ATCGTAGTGGTC",0.00684307275956939,-0.0292021969159101
"P047-CGCTGTGGATTA",0.00962046745900479,-0.139527587914094
"P048-AGCCGCGGGTCC",0.0190415694019009,0.107822779095477
"P049-TGAGTCATTGAG",-0.212265046447535,-0.0280582257939343
"P050-TCCACAGGGTTC",-0.161179257858176,0.0551694566885607
"P051-AGATCGTGCCTA",-0.146645214194641,0.0527599283208956
"P052-CCTCACTAGCGA",-0.109702333032498,0.100811784200529
"P053-TAGTTCGGTGAC",0.131786795816996,0.0498039018528481
"P054-ACTAAAGCAAAC",-0.0906217313239303,-0.0966458902112713
"P055-CTTGCTCATAAT",-0.0528260094815421,0.107270941015794
"P056-GGTAGTTCATAG",0.027158237190138,0.0248446457578038
"P057-ACCTACTTGTCT",-0.0993678580620976,-0.0429915340284052
"P058-GGAGAACGACAC",-0.0958097681105532,-0.113767437309578
"P060-CTAATCAGAGTG",-0.0357595526713731,-0.0123342615414559
"P061-TTAATGGATCGG",-0.127194370643975,0.0640510452141726
"P062-TAGGAACTCACC",-0.126539625179824,0.0600176594072551
"P063-ACGACAACGGGC",-0.156454016391569,0.125893143595583
"P064-CGATGAATATCG",-0.00826531574541611,-0.0164556883543629
"P065-ACTGTGACGTCC",-0.061231653243833,-0.059191225392037
"P066-CCTACCATTGTT",-0.0844557806091505,0.0830200392302838
"P067-CATTTCGCACTT",-0.0941983345313802,0.136045234544384
"P068-CTACTCCACGAG",-0.13214190363597,-0.0823002292729335
"P069-TCAAGTCCGCAC",-0.137816129032991,0.0951639801761429
"P070-CTAGCGTGCGTT",-0.0345633082334264,0.0207473964752758
"P071-GTTCTAAGGTGA",-0.0118922459930102,0.0161763558935241
